{
  "web": {
    "client_id": "1069752462117-3aa9hbk56k0sla64k66pipr3cq1sopla.apps.googleusercontent.com",
    "project_id": "starlit-factor-414809",
    "auth_uri": "https://accounts.google.com/o/oauth2/auth",
    "token_uri": "https://oauth2.googleapis.com/token",
    "auth_provider_x509_cert_url": "https://www.googleapis.com/oauth2/v1/certs",
    "client_secret": "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",
    "redirect_uris": ["http://localhost:5178/auth/google/callback"],
    "javascript_origins": ["http://localhost:5178"]
  }
}
